,날짜,언론사,기사제목,링크
0, 2021.02.18 18:46,파이낸셜뉴스,"금호석화, 경영권 분쟁 ‘조카의 난’ 본격화.. 삼성전자, 총수 부재 ...",https://finance.naver.com/item/news_read.nhn?article_id=0004586917&office_id=014&code=005930&page=3&sm=
1, 2021.02.18 18:30,이데일리,"코로나 백신 K-주사기, 뒤에는 삼성 '총력 지원' 있었다",https://finance.naver.com/item/news_read.nhn?article_id=0004856497&office_id=018&code=005930&page=3&sm=
2, 2021.02.18 17:56,서울경제,일본도 실패한 '쥐어짜기' 주사기 대량 생산···삼성이 도와 가능했다,https://finance.naver.com/item/news_read.nhn?article_id=0003873117&office_id=011&code=005930&page=3&sm=
3, 2021.02.18 17:46,서울경제,"권칠승 ""최소 잔여형 백신 주사기는 중기 의지·삼성 기술·정부 지원 ...",https://finance.naver.com/item/news_read.nhn?article_id=0003873102&office_id=011&code=005930&page=3&sm=
4, 2021.02.18 15:45,머니투데이,"쥐어짜는 K-주사기, 삼성은 왜 총력 지원하고도 숨겼나",https://finance.naver.com/item/news_read.nhn?article_id=0004545384&office_id=008&code=005930&page=3&sm=
5, 2021.02.18 17:33,서울경제,문 대통령 찾은 백신 주사기 업체···삼성 지원에 생산 성공,https://finance.naver.com/item/news_read.nhn?article_id=0003873087&office_id=011&code=005930&page=3&sm=
6, 2021.02.18 17:25,한국경제,"삼성, 흩어진 빅데이터 조직 'CEO 직속' 통합",https://finance.naver.com/item/news_read.nhn?article_id=0004501446&office_id=015&code=005930&page=3&sm=
7, 2021.02.18 16:26,아시아경제,"삼성전자, '셧다운' 美 오스틴 반도체 공장에 기술진 파견",https://finance.naver.com/item/news_read.nhn?article_id=0004850383&office_id=277&code=005930&page=3&sm=
8, 2021.02.18 16:22,한국경제,"삼성전자, '가동 중단' 美 오스틴 공장에 복구인력 긴급 파견",https://finance.naver.com/item/news_read.nhn?article_id=0004501373&office_id=015&code=005930&page=3&sm=
9, 2021.02.18 16:13,이데일리,"삼성전자, ‘셧다운’ 美오스틴공장에 기술진 급파(종합)",https://finance.naver.com/item/news_read.nhn?article_id=0004856357&office_id=018&code=005930&page=3&sm=
10, 2021.02.18 16:09,한국경제,"삼성전자, '셧다운' 美 오스틴 공장에 기술진 긴급 파견",https://finance.naver.com/item/news_read.nhn?article_id=0004501365&office_id=015&code=005930&page=3&sm=
11, 2021.02.18 15:25,서울경제,"삼성전자, 셧다운 美 반도체 공장에 기술진 파견",https://finance.naver.com/item/news_read.nhn?article_id=0003872960&office_id=011&code=005930&page=3&sm=
12, 2021.02.18 12:09,이데일리,"[단독]삼성전자, '셧다운' 美오스틴공장에 기술진 급파",https://finance.naver.com/item/news_read.nhn?article_id=0004856059&office_id=018&code=005930&page=3&sm=
13, 2021.02.18 15:37,이데일리,"키오스크, VR 등 미래사업 보폭넓히는 삼성전자",https://finance.naver.com/item/news_read.nhn?article_id=0004856310&office_id=018&code=005930&page=3&sm=
14, 2021.02.18 15:20,머니투데이,삼성 가동중단 美반도체 공장에 기술진 급파…피해 최소화 조치,https://finance.naver.com/item/news_read.nhn?article_id=0004545349&office_id=008&code=005930&page=3&sm=
15, 2021.02.18 14:22,이데일리,"삼성전자, 내달 2일 '언박스·디스커버리' 개최…TV 신제품 소개",https://finance.naver.com/item/news_read.nhn?article_id=0004856190&office_id=018&code=005930&page=3&sm=
16, 2021.02.18 14:14,서울경제,올해 삼성전자 TV 라인업은?···내달 3일 신제품 공개 행사 개최,https://finance.naver.com/item/news_read.nhn?article_id=0003872900&office_id=011&code=005930&page=3&sm=
17, 2021.02.18 13:42,아시아경제,"삼성전자, 내달 2일 TV 신제품 소개 '언박스·디스커버리' 행사 진...",https://finance.naver.com/item/news_read.nhn?article_id=0004850113&office_id=277&code=005930&page=3&sm=
18, 2021.02.18 13:07,한국경제,삼성 내달 3일 TV 신제품 선보인다,https://finance.naver.com/item/news_read.nhn?article_id=0004501223&office_id=015&code=005930&page=3&sm=
